gene_name,p_value
CXorf30,1.11E-08
FSHR,2.68E-07
C7orf72,4.64E-07
FLNC,7.56E-07
SLC44A5,9.99E-07
PAPPA2,2.98E-06
WDR87,4.11E-06
ANK1,4.21E-06
TBC1D30,5.71E-06
SPOCK2,5.98E-06
RP11-766F14.2,1.39E-05
ABCB4,1.59E-05
KALRN,1.83E-05
COL11A2,2.27E-05
EMILIN2,2.72E-05
SLC12A3,2.94E-05
DNAH6,3.49E-05
SI,3.73E-05
MYRFL,4.11E-05
AKAP6,4.28E-05
SORCS3,4.49E-05
TMCC1,4.82E-05
TTN,5.93E-05
PIWIL1,6.00E-05
ADCYAP1R1,6.27E-05
LFNG,7.34E-05
MROH9,8.10E-05
XKR6,9.24E-05
AHR,0.000101771
PITPNM2,0.000103631
RTL1,0.000104633
MUC19,0.000113742
LRRC7,0.000113742
COL9A1,0.000144043
MUC12,0.000144315
MAP1B,0.000178472
PLG,0.00019988
PIPOX,0.00021191
KNDC1,0.000216844
BZRAP1,0.000249435
FAM46D,0.000250798
PLEKHD1,0.000250798
CHRNA7,0.000250798
USP35,0.000256266
TFAP2B,0.000256266
FIP1L1,0.000256266
CBLN2,0.00026766
BIRC8,0.00026766
GNPTAB,0.000267715
CHRNB3,0.000267715
DDHD1,0.000267715
COL11A1,0.000270359
HERC1,0.000281866
MGA,0.000283938
COL13A1,0.000284346
PTPRB,0.000298873
NBEAL1,0.000299413
ASPM,0.000326937
OBSCN,0.000328993
EGFLAM,0.000332991
CDC42BPB,0.000342523
NTNG1,0.000342523
ANKFN1,0.00034496
KIAA1239,0.000345202
EYS,0.000373681
EBF2,0.00038498
TRPC5,0.00038498
CSMD2,0.00040199
PLXDC2,0.000412387
FBXW7,0.000418774
AARS2,0.000418774
GUCY1A2,0.000443692
RYR1,0.000447917
KEL,0.000449342
MTNR1B,0.000452794
CYP2W1,0.000452794
LRRC38,0.000452794
ZNF891,0.000452794
TMF1,0.000452794
FOXR1,0.000452794
AGXT2,0.000458012
ITK,0.000458012
INADL,0.000472755
ZFHX4,0.000475722
DENND1C,0.000525211
PCDH15,0.000543814
TSHZ3,0.000544879
COL6A5,0.000580745
C12orf55,0.000586558
XIRP2,0.000588742
SLCO4C1,0.000589822
RALGAPA1,0.000589822
OLFML1,0.00060088
BAG3,0.00060088
MALRD1,0.000617594
WDFY4,0.00061943
SCD5,0.000619659
FAM160A1,0.000619659
RNFT2,0.000665794
OR2Z1,0.000665794
KCNJ4,0.000665794
AFAP1L1,0.000665794
GLG1,0.000665794
GBE1,0.000665794
ACTRT2,0.000673573
TMEM196,0.000673573
CCDC62,0.000673573
LACTBL1,0.000673573
ZNF534,0.000674938
DNAH8,0.000679025
GDAP1L1,0.000688871
FGR,0.000688871
PPL,0.000688993
TUBA3C,0.000688993
KCNH5,0.000692221
TET1,0.000719502
MLLT4,0.000719502
ANKRD30B,0.000750723
UNC80,0.000750723
SLC38A6,0.000768531
C17orf75,0.000768531
BAALC,0.000768531
SLC26A5,0.000785785
SBNO2,0.000785785
PER3,0.000785785
MARK1,0.000785785
DCHS2,0.000793007
CARD11,0.000799456
VWDE,0.000799456
DUSP27,0.000800793
EPHA7,0.000831906
UTRN,0.000833647
INPPL1,0.00088893
KIAA0825,0.00088893
C1orf65,0.00088893
NDST4,0.000905608
PRRT4,0.000968251
BAZ1A,0.000968251
UGT2B28,0.000981381
HYDIN,0.000993095
MYO5B,0.001042619
AHNAK,0.001096832
OR10J1,0.001096963
RBMXL3,0.001099639
CDK5RAP2,0.001101216
APC2,0.001101216
NHSL2,0.001101216
DST,0.001111752
FAM186A,0.001143405
ENAM,0.001148684
USH2A,0.001153643
ANKRD18A,0.001163496
OR2G6,0.001163496
TRPM8,0.001163496
CNTN1,0.001163496
OC90,0.001163496
DNAH9,0.001214455
PPP4R4,0.001349559
CDC42BPA,0.001349559
ITGA9,0.001349559
MDGA2,0.001349559
HPS4,0.001358331
KLF2,0.001358331
SLC35C2,0.001358331
AFMID,0.001358331
RP11-723O4.6,0.001358331
MARK4,0.001358331
NOXO1,0.001358331
SYNE1,0.001363344
CACNA1I,0.001377101
PAK7,0.001377101
STAT4,0.001393393
ZEB2,0.001393393
MOCOS,0.001406341
TGFBR3,0.001406341
L3MBTL1,0.001406341
TSPAN2,0.001406341
ABCA8,0.001434295
TTC40,0.001434295
FREM3,0.001435927
DCHS1,0.001446453
RBBP8,0.001461954
DDR2,0.001461954
OR8B3,0.001461954
SV2C,0.001461954
C3orf30,0.001461954
THRAP3,0.001461954
FGFR1,0.001461954
PDE4DIP,0.001489686
PTPRT,0.001489686
GRM4,0.001515246
SEMA5B,0.001515246
OR13C5,0.001515246
DCX,0.001515246
AMBN,0.001515246
LRP1B,0.001520872
ASXL3,0.001520879
GABRG1,0.001542121
SHROOM3,0.001542121
A1CF,0.001542121
LIMCH1,0.001564609
OR2M2,0.001564609
DOCK1,0.001564609
ADAMTS20,0.001608486
OR14C36,0.001615534
CXorf64,0.001615534
INMT,0.001615534
JAKMIP2,0.001629111
FRMPD2,0.001629111
DGKG,0.001629111
KIAA1549,0.001629111
FREM1,0.001651765
CACNA1B,0.001651765
NOC4L,0.001669286
TRIM2,0.001669286
ISL1,0.001669286
SOAT2,0.001669286
BARHL2,0.001669286
ZNF45,0.001669286
IRF9,0.001669286
PLIN5,0.001669286
DCDC1,0.001690252
CDH10,0.001690252
OR6C6,0.001730509
TRIM69,0.001730509
OR7C2,0.001730509
DBF4,0.001730509
SGOL2,0.001730509
SLC6A20,0.001730509
CEACAM4,0.001730509
CYYR1,0.001730509
MDH1B,0.001767792
NTSR1,0.001767792
FAM19A2,0.001767792
SRL,0.001767792
BFSP1,0.001767792
SNAP91,0.001825875
CD44,0.001888809
ASAH2,0.001888809
CRMP1,0.001888809
IGFN1,0.001921771
ZNF560,0.001974424
PCDHB5,0.001974424
C8orf34,0.001974424
AKAP9,0.001974424
STAB2,0.001988752
FLT1,0.002043315
CDH8,0.002043315
ZNF469,0.002083545
NOS1,0.002238132
NLRP13,0.002238132
COL5A2,0.002238132
CSMD1,0.002255775
VEPH1,0.002297133
EFCAB4B,0.002297133
BOC,0.002297133
OR51B6,0.002297133
OR52A1,0.002297133
CD163L1,0.002299969
PASK,0.002465584
ZNF804A,0.002474638
MYH4,0.002509724
PRNT,0.002563156
SPCS1,0.002563156
TMEM254,0.002563156
NFIL3,0.002563156
CCDC103,0.002563156
SETD7,0.002563156
RP4-800G7.2,0.002563156
GPS1,0.002563156
WASHC1,0.002563156
DHRS12,0.002563156
SLC7A6,0.002563156
ANXA4,0.002563156
TMEM212,0.002563156
FAM90A27P,0.002563156
CPED1,0.002646209
GRIA4,0.002646209
ZNF827,0.002675478
FMO2,0.002675478
CDH9,0.002676999
ADCY8,0.002703833
KMT2C,0.002841511
OTOG,0.002869911
C12orf56,0.002892364
LPPR4,0.002892364
LMTK3,0.002892364
PTK2B,0.002892364
BMPR2,0.00289295
PCDHGB1,0.00289295
ATP8A2,0.00289295
MYBPC3,0.00289295
PCDHGA10,0.00289295
ZNF483,0.00289295
PHF21B,0.002924243
RADIL,0.002924243
PAPPA,0.002950148
ROBO2,0.002950148
CACNA1C,0.003181822
XDH,0.003187989
ASTN1,0.003210843
DMXL2,0.003255593
MYO7B,0.003255593
CCDC178,0.003255593
TCHH,0.003255593
OVCH1,0.00329053
ALMS1,0.003326146
TRPM6,0.003375007
RTN1,0.003401187
ZNF711,0.003430671
GPR115,0.003430671
PRRC2A,0.003430671
UGT2B10,0.003430671
FMO1,0.003430671
ASTN2,0.003460722
PPP1R3A,0.003467337
PIK3C2G,0.003467337
ALB,0.00348091
ARHGAP28,0.003519412
GABRA4,0.003519412
OR10A3,0.003519412
RALGAPA2,0.003519412
VWA3B,0.003541935
TRRAP,0.003541935
OR2D2,0.003773559
NPAS2,0.003773559
OR5F1,0.003773559
MAGEB5,0.003773559
MTL5,0.003773559
INTS2,0.003773559
ATP13A3,0.003773559
IDO1,0.003773559
FSCN3,0.003773559
PKP4,0.003773559
ZFC3H1,0.00380826
LY9,0.00380826
THRB,0.00380826
ABCC3,0.00380826
ADAMTS15,0.003813786
NHSL1,0.003813786
ALG8,0.003813786
EIF2D,0.003813786
SULT1A1,0.003813786
VWA1,0.003813786
CHML,0.003813786
HIC2,0.003813786
ACOT11,0.003813786
GRIPAP1,0.003813786
SLC13A5,0.003813786
CSDE1,0.003813786
LRRC45,0.003813786
NRXN1,0.003840423
ACAN,0.003840423
PPP1R9A,0.003846565
ITGA7,0.003846565
MMP16,0.003846565
WDR33,0.003855295
BAIAP3,0.003855295
SEZ6L2,0.003855295
PRR23B,0.003855295
TRPV6,0.003855295
CTTNBP2,0.003855295
SLC7A13,0.003855295
NR2E1,0.004002351
SRR,0.004002351
TTC33,0.004002351
RBP5,0.004002351
TUBB3,0.004002351
RHO,0.004002351
C16orf45,0.004002351
LYZL1,0.004002351
SFXN5,0.004002351
SPDYE3,0.004002351
CHSY1,0.004002351
HOXB8,0.004002351
TERF1,0.004002351
FUT4,0.004002351
GDE1,0.004002351
GSTA4,0.004002351
CNDP2,0.004002351
NT5DC4,0.004002351
RABL2A,0.004002351
FZD2,0.004002351
C11orf53,0.004002351
RLN2,0.004002351
ZDBF2,0.004040799
ABCB1,0.004062405
LYST,0.004062405
CHL1,0.004062405
ZNF599,0.004229784
TMEM63B,0.004229784
NLGN2,0.004229784
MMP19,0.004229784
FBXO43,0.004229784
SNX25,0.004229784
CUL3,0.004229784
SKOR2,0.004229784
LRRC1,0.004229784
F2RL2,0.004229784
SSTR5,0.004229784
EBF1,0.004229784
CBLL1,0.004229784
RERG,0.004229784
CMYA5,0.00435719
EXPH5,0.004368194
CBLB,0.004407877
SCN8A,0.004407877
TSC1,0.004407877
LAMC1,0.004407877
SPTAN1,0.004407877
SIPA1L3,0.004493842
CSNK1E,0.004518369
MRPL49,0.004518369
ERCC3,0.004518369
HLA-DQA2,0.004518369
SRSF6,0.004518369
ANXA9,0.004518369
TNPO2,0.004518369
PAX7,0.004518369
HSD17B3,0.004518369
OR1J4,0.004518369
SCCPDH,0.004527711
PCYOX1L,0.004527711
SMU1,0.004527711
GTSF1L,0.004527711
OPN1LW,0.004527711
SLC25A27,0.004527711
GUF1,0.004527711
KLRF1,0.004527711
SULT6B1,0.004527711
SLC37A2,0.004527711
RASSF2,0.004527711
MRGPRF,0.004527711
LRPAP1,0.004527711
BATF,0.004527711
GLI3,0.0045744
CD1E,0.0045744
ANAPC1,0.0045744
GABRB2,0.004615808
MAP3K9,0.004615808
RYR2,0.004627829
MUC4,0.004660013
CFTR,0.004678115
FSIP2,0.004714102
DPP10,0.005013529
UNC5D,0.005013529
DNAH11,0.005054322
MYH2,0.00519588
STRIP2,0.005202162
PRR23C,0.005202162
COLGALT2,0.005202162
ITIH4,0.005202162
PAX4,0.005202162
HAO1,0.005202162
MYB,0.005202162
USP38,0.005202162
CPXM1,0.005202162
AGPAT9,0.005202162
CMIP,0.005202162
PPEF1,0.005202162
B3GAT1,0.005202162
FLI1,0.005202162
PLA2G3,0.005202162
CNTNAP5,0.005239406
LOXHD1,0.005239406
KIR3DX1,0.005273593
HEATR5A,0.005273593
OR1L3,0.005273593
ACSS3,0.005273593
MICALCL,0.005273593
PDE1B,0.005273593
USP36,0.005273593
HTR3A,0.005273593
GRIN2B,0.00549611
CLSTN2,0.005527223
CELSR1,0.005527223
MYLK,0.005527223
MXRA5,0.005696717
ZNF729,0.005755388
MUC17,0.005764403
TMEM246,0.005917195
ISX,0.005917195
FAM71A,0.005917195
TUBGCP3,0.005917195
SCG3,0.005917195
EEF2K,0.005917195
ATP11B,0.005917195
IL36B,0.005917195
PROM2,0.005917195
FCRL4,0.005917195
ITGB3,0.005917195
PRAMEF4,0.005917195
MKLN1,0.005917195
SLC1A3,0.005917195
GNAS,0.005976229
TEP1,0.005976229
ZBBX,0.005976229
CYLC1,0.005976229
CACNA1E,0.006058881
C1orf127,0.006093657
KANSL1,0.006093657
JMJD1C,0.006093657
MEGF6,0.006093657
GRM8,0.006116044
MYT1L,0.006116044
EPHA3,0.006120014
FAT1,0.006150424
COL4A4,0.006238235
SPAM1,0.006292471
ATP2A3,0.006377079
USP6,0.006394921
CUBN,0.006394921
COL18A1,0.006891933
F5,0.006959515
OR10X1,0.007264217
AMPD3,0.007264217
BICC1,0.007264217
TGM6,0.007264217
CCDC74B,0.007264217
MAN1B1,0.007264217
SAMSN1,0.007264217
LAMA5,0.007390082
MDN1,0.007390082
TRIOBP,0.007546025
FAM171B,0.007553263
NOX4,0.007553263
SLAMF7,0.007553263
DCAF4L2,0.007553263
ARSJ,0.007553263
TBC1D2,0.007553263
SLC22A24,0.007553263
TGM4,0.007553263
AKR1C4,0.007553263
PTPRE,0.007553263
INPP5J,0.007553263
14-Sep,0.007553263
CCDC38,0.007553263
SLCO2A1,0.007553263
NLRX1,0.007553263
CNKSR1,0.007553263
PADI1,0.007553263
PMS1,0.007553263
C12orf54,0.007600099
DENND1A,0.007600099
SHISA6,0.007600099
FAM189A1,0.007600099
SOS2,0.007600099
RNF103,0.007600099
MTMR12,0.007600099
CPVL,0.007600099
PRKD2,0.007600099
TAS2R60,0.007600099
ZNF565,0.007600099
NXPE1,0.007600099
EMID1,0.007600099
CFB,0.007600099
RHBG,0.007600099
TEKT1,0.007600099
ROCK1,0.007600099
GJD2,0.007600099
SLC14A1,0.007600099
RFX3,0.007600099
NTRK3,0.007653288
ZNF716,0.007653288
COL16A1,0.00769369
LGSN,0.00769369
ADAMTS19,0.00769369
APOBR,0.00769369
PREX2,0.007710868
MAP3K4,0.007883316
SETD5,0.007883316
ADAMTS8,0.007883316
TRAPPC9,0.007883316
SLC17A8,0.007883316
PLEKHG2,0.007883316
CARD6,0.007883316
ZFR2,0.007883316
WDR65,0.007883316
KDM6A,0.007883316
VAV1,0.007883316
CACNA2D3,0.007890072
PCDHA12,0.007901502
DSG3,0.007901502
DOPEY1,0.00796558
SEMA3D,0.00796558
TRPS1,0.00796558
KCNT1,0.00796558
ANKRD31,0.00796558
GRID1,0.00796558
SLC5A8,0.00796558
HERC2,0.008154181
SHANK2,0.008154181
TACC2,0.008160078
FAT4,0.008249797
THSD7B,0.008300524
KIAA1210,0.008342835
SMG1,0.008342835
KLHDC7A,0.008342835
CD163,0.008354874
CRB1,0.008354874
RP11-1220K2.2,0.008471239
NALCN,0.008471239
CSMD3,0.008480413
APOF,0.008516292
GNB2,0.008516292
IL17REL,0.008516292
CLUL1,0.008516292
ARL10,0.008516292
FAM43A,0.008516292
ZNF593,0.008516292
ARHGEF39,0.008516292
RXFP4,0.008516292
SMIM22,0.008516292
API5,0.008516292
TRAF4,0.008516292
FABP4,0.008516292
TCEAL3,0.008516292
FAM166B,0.008516292
FTSJ2,0.008516292
C11orf89,0.008516292
ARL14EP,0.008516292
HN1L,0.008516292
TAS2R10,0.008516292
1-Mar,0.008516292
MAP3K7CL,0.008516292
FUNDC2,0.008516292
ILVBL,0.008516292
KCNK15,0.008516292
C10orf105,0.008516292
C2orf73,0.008516292
LY6G6D,0.008516292
NDUFA8,0.008516292
HAND1,0.008516292
STAP2,0.008516292
TRIM7,0.008516292
LSM7,0.008516292
EIF2S2,0.008516292
PIN4,0.008516292
IGKV1D-17,0.008516292
S100A8,0.008516292
UBE2C,0.008516292
AC010731.4,0.008516292
CXorf28,0.008516292
NMRK1,0.008516292
IL21,0.008516292
NICN1,0.008516292
RP11-67H2.1,0.008516292
OTUB1,0.008516292
IL13,0.008516292
PATE3,0.008516292
OR2G3,0.008731772
MSH3,0.008731772
KIAA1107,0.008731772
CT47B1,0.008731772
MASP1,0.008731772
ALOX5,0.008731772
WIZ,0.008731772
WDR64,0.008731772
PRDM15,0.008731772
GAREM,0.008731772
MAGI3,0.008731772
NLRP10,0.00880139
ARHGAP30,0.00880139
RIMBP2,0.00880139
IQCA1,0.008863711
HMCN2,0.008863711
SLC22A25,0.008863711
CCDC88B,0.008863711
KL,0.008863711
OR2M3,0.00906701
MDC1,0.00906701
GREB1L,0.00906701
ZNF804B,0.009369414
PCDHB1,0.009369414
DNAH12,0.009505468
ATP13A5,0.009614569
CROCC,0.009614569
SORCS1,0.009646391
AK9,0.009646391
ATG2B,0.009646391
ABCA6,0.009646391
CACHD1,0.009703342
ZNF142,0.009703342
SEMA6B,0.009703342
ESRRB,0.009703342
VCAM1,0.009703342
ITGA2,0.009703342
UGT3A2,0.009703342
BPIFB3,0.009703342
CD5L,0.009703342
SLC22A2,0.009703342
MAGEC2,0.009703342
RFX2,0.009703342
OR10K2,0.009703342
ESPL1,0.009703342
LRCH3,0.010019524
BTBD18,0.010019524
CCDC15,0.010019524
DMRTB1,0.010019524
LHX9,0.010019524
CCT4,0.010019524
KRT33B,0.010019524
GALNT1,0.010019524
ORM1,0.010019524
TRIM21,0.010019524
CRISP1,0.010019524
SSX3,0.010019524
GH1,0.010019524
CLCN4,0.010019524
EPS8L2,0.010019524
LAG3,0.010019524
SLC9B1,0.010019524
ZNF558,0.010019524
CMPK2,0.010019524
TRPV1,0.010019524
CHRM5,0.010019524
CORO1C,0.010019524
LRRC8A,0.010019524
SH3YL1,0.010019524
STAP1,0.010019524
SIRPD,0.010019524
CCKBR,0.010019524
EFCAB12,0.010019524
PDGFC,0.010019524
PRDM8,0.010019524
AQP4,0.010019524
TRPC1,0.010019524
KLHL26,0.010019524
ORC1,0.010019524
RP1,0.010133071
ALLC,0.010165846
KIF12,0.010165846
TTLL10,0.010165846
LMOD1,0.010165846
C17orf97,0.010165846
ADAM23,0.010165846
UNK,0.010165846
FOXA3,0.010165846
ARHGAP40,0.010165846
MEN1,0.010165846
EWSR1,0.010165846
MAPK8IP2,0.010165846
RBM5,0.010165846
XIST,0.010165846
EDARADD,0.010165846
GLT1D1,0.010165846
SLC30A3,0.010165846
IL10RA,0.010165846
CDK20,0.010165846
IL17RA,0.010165846
MOG,0.010165846
DAPK2,0.010165846
UBQLN4,0.010165846
NCAPH2,0.010165846
NRK,0.010316363
KMT2D,0.010316363
RIMS1,0.010316363
MUM1L1,0.010342269
SPATA31A6,0.010342269
RET,0.010342269
ITIH6,0.010342269
RBM20,0.010632262
KYNU,0.010632262
SASH1,0.010632262
PAH,0.010632262
DCLK1,0.010632262
EBF3,0.010632262
TICRR,0.010632262
TENM2,0.010696651
SCN5A,0.010696651
PLXNA4,0.010696651
PARD3,0.010743421
GRM5,0.010743421
TRPM1,0.010743421
TPR,0.010743421
RAD51AP2,0.011016591
TAF1L,0.011016591
LPHN3,0.011016591
INSC,0.011197367
AMOTL2,0.011197367
GZMA,0.011197367
LRRC8B,0.011197367
WNT5B,0.011197367
CHN1,0.011197367
SHH,0.011197367
FMO6P,0.011197367
POU5F1,0.011197367
SIX4,0.011197367
SLC35F1,0.011197367
ZNF491,0.011197367
AP5B1,0.011197367
MPZ,0.011197367
KCNV2,0.011197367
CCDC125,0.011197367
TBC1D21,0.011197367
PNPLA5,0.011197367
IL15RA,0.011197367
SBK3,0.011197367
NUP35,0.011197367
MDS2,0.011197367
DHRS2,0.011197367
OR5A2,0.011197367
REM1,0.011197367
FOXF1,0.011197367
ZNF24,0.011197367
MSS51,0.011197367
SLC2A4,0.011197367
APEX2,0.011197367
SPON2,0.011197367
KCNC4,0.011197367
RUFY1,0.011197367
ANKS4B,0.011197367
R3HDML,0.011197367
CNOT6L,0.011197367
STRADA,0.011197367
PELI1,0.011197367
FAM186B,0.011197367
TMCO1,0.011197367
FGF3,0.011197367
AIF1,0.011197367
C11orf85,0.011197367
F2RL3,0.011536278
NUDT16,0.011536278
ISG20L2,0.011536278
BHLHB9,0.011536278
GPR15,0.011536278
MYOT,0.011536278
DDX6,0.011536278
NUP50,0.011536278
HIST1H1D,0.011536278
METTL22,0.011536278
KRTAP10-3,0.011536278
C5orf60,0.011536278
FOXL2,0.011536278
C17orf67,0.011536278
ZNF280B,0.011536278
KCTD11,0.011536278
ECI1,0.011536278
PJA2,0.011536278
KRTAP9-9,0.011536278
TFDP1,0.011536278
NKAIN1,0.011536278
PSMF1,0.011536278
CNN2,0.011536278
ZSCAN12,0.011536278
NPPB,0.011536278
TMEM144,0.011536278
FAM63B,0.011536278
ZBTB37,0.011536278
PHF23,0.011536278
ZDHHC5,0.011536278
FAM181B,0.011536278
SAV1,0.011536278
OR2AJ1,0.011536278
SYNCRIP,0.011536278
NAPB,0.011536278
CDKN3,0.011536278
TMEM234,0.011536278
FOXL1,0.011536278
GUCA1B,0.011536278
RP11-451K18.7,0.011536278
IL32,0.011536278
MAGEB17,0.011536278
STARD3,0.011536278
RARRES2,0.011536278
AL445989.1,0.011536278
POU3F2,0.011536278
EIF3E,0.011536278
UTY,0.011536278
C4orf51,0.011536278
UNC79,0.011571047
GPR98,0.011880709
ABCA13,0.011881641
FN1,0.011905913
LRRC4C,0.011905913
SLCO1B1,0.011905913
FADS2,0.011934413
VSX1,0.011934413
ZDHHC6,0.011934413
LIPM,0.011934413
C1orf105,0.011934413
KRTAP9-8,0.011934413
CATSPER3,0.011934413
CPLX2,0.011934413
ING3,0.011934413
GATA5,0.011934413
TLDC2,0.011934413
LCE1D,0.011934413
CELF1,0.011934413
ACTR3,0.011934413
POLD3,0.011934413
ALAS1,0.011934413
GNB5,0.011934413
SERPINB5,0.011934413
HLA-DOB,0.011934413
AL354898.1,0.011934413
ZNF561,0.011934413
RHOH,0.011934413
LYPD6,0.011934413
CCT2,0.011934413
CELA3B,0.011934413
IL22,0.011934413
EFEMP2,0.011934413
HOXA7,0.011934413
MYBPH,0.011934413
C1orf110,0.011934413
MVB12A,0.011934413
GPR75,0.011934413
OSBPL11,0.011934413
METTL3,0.011934413
KLF15,0.011934413
GPR157,0.011934413
KLHL31,0.011934413
TRIM62,0.011934413
HARS,0.011934413
ZFAND3,0.011934413
KRTAP10-7,0.011934413
RASSF8,0.011934413
ALX4,0.011934413
NAT6,0.011934413
OR10D3,0.011934413
DSP,0.01200057
SAE1,0.012502763
MYO3A,0.012573218
DNAH14,0.012573218
RGPD3,0.012681002
DDX60L,0.012681002
MYO3B,0.012681002
VCAN,0.012746653
LPA,0.012746653
KIAA1217,0.012846662
KMT2A,0.012846662
TPO,0.012846662
ZNF728,0.01313785
LGR6,0.01313785
KIAA0947,0.01313785
GLT6D1,0.013451464
DPY19L2,0.013451464
OR2T27,0.013451464
GJA8,0.013451464
NCAPG2,0.013451464
BCAR1,0.013451464
SHPRH,0.013451464
PPP1R12A,0.013451464
SLC6A18,0.013451464
AGTR1,0.013451464
OR4L1,0.013451464
TBCE,0.013451464
LATS2,0.013451464
ARHGEF40,0.013451464
OR5H2,0.013451464
IPO7,0.013451464
NPIPA5,0.013451464
RALYL,0.013451464
MMS22L,0.013451464
HAS1,0.013451464
C6,0.014108573
PCSK5,0.014108573
NAV3,0.014139129
CCDC141,0.014139129
POTEE,0.014139129
AUTS2,0.01418963
KIAA1211,0.01418963
PCDHB12,0.01418963
SDK2,0.014331531
CFHR5,0.014331531
SKIV2L2,0.014420397
PTGIR,0.014420397
CCDC14,0.014420397
NOB1,0.014420397
PLOD2,0.014420397
KLHL29,0.014420397
RPA1,0.014420397
RBM28,0.014420397
GJA10,0.014420397
TIGIT,0.014420397
TTC17,0.014420397
IL23R,0.014420397
IRF6,0.014420397
C16orf11,0.014420397
NUDCD1,0.014420397
FCRL2,0.014420397
OR14I1,0.014420397
CHIT1,0.014420397
KRT78,0.014420397
OR10G9,0.014420397
TEAD1,0.014420397
TMPRSS15,0.014475586
DPP6,0.014475586
OTOF,0.014475586
MUC16,0.014492695
DNAH5,0.014752214
DOK6,0.014776601
OR8H3,0.014776601
FAM71B,0.014776601
ZNF682,0.014776601
ZNF43,0.014776601
TMPRSS6,0.014776601
IGF1R,0.014776601
APBA1,0.014776601
MAGEE1,0.014776601
DACT2,0.014776601
HNF4G,0.014848912
PCDHB11,0.014848912
ZNF812,0.014848912
MROH2A,0.014848912
ITIH1,0.014848912
KCNA6,0.014848912
PCDH7,0.014848912
PARP8,0.014848912
SERPINB7,0.014848912
KDM5B,0.014848912
TLR4,0.014973879
CDH23,0.015149768
PEG3,0.015149768
EXD1,0.015209857
SUPT16H,0.015209857
SHOX,0.015209857
EML4,0.015209857
OR1S2,0.015209857
FAM129C,0.015209857
RAD54B,0.015209857
CLU,0.015209857
RUNDC3B,0.015209857
SLC44A2,0.015209857
PCDHGB7,0.015209857
CCDC30,0.015209857
SMARCB1,0.015209857
WNT16,0.015209857
DDX26B,0.015209857
MELK,0.015209857
VSTM1,0.015209857
SFTPA1,0.015209857
FANCB,0.015209857
CYP11A1,0.015209857
OLFM2,0.015209857
IGHMBP2,0.015209857
FUT8,0.015209857
FCN2,0.015209857
SPOCK1,0.015209857
HTR1E,0.015209857
HPS5,0.015209857
ARGFX,0.015209857
CHM,0.015209857
ZNF273,0.015209857
CHAMP1,0.015209857
KRT14,0.015209857
IRAK2,0.015209857
MARVELD2,0.015209857
ANK2,0.015309382
SPINK5,0.015523544
F13B,0.015523544
PDE1A,0.015523544
PMFBP1,0.015523544
FGA,0.015523544
KPRP,0.015523544
NEB,0.015857163
FAT2,0.015972919
NLRP9,0.016349619
CENPF,0.016349619
COBL,0.016349619
PCDHA8,0.016349619
SLC8A1,0.016368298
ASH1L,0.016368298
DYNC2H1,0.016440361
CUX2,0.016440361
SCN10A,0.016602664
MYO18B,0.016602664
SPTBN2,0.016951024
ADAMTSL1,0.016951024
PARP4,0.016951024
SLCO1C1,0.016951024
ADGB,0.016951024
ADAM32,0.016951024
LMO7,0.016951024
MGAM,0.01733484
HEPH,0.017351358
COL1A1,0.017351358
LRBA,0.017499797
GMIP,0.017804254
HAL,0.017804254
SV2B,0.017804254
P2RY10,0.017804254
SAP130,0.017804254
C14orf159,0.017804254
SLC26A4,0.017804254
BCAS1,0.017804254
CACTIN,0.017804254
GPATCH1,0.017804254
VARS,0.017804254
GRAMD1C,0.017804254
TMEM232,0.017804254
HLA-DRB1,0.017804254
ZBED2,0.017804254
OR5B3,0.017804254
CDCA2,0.017804254
PHKB,0.017804254
IDO2,0.017804254
COL21A1,0.018017148
OR51S1,0.018053267
CCDC180,0.018053267
CHD2,0.018053267
SELP,0.018053267
NPSR1,0.018053267
IL1RL1,0.018053267
SYT16,0.018053267
RB1CC1,0.018053267
SLC26A7,0.018053267
ANO1,0.018053267
PCDH10,0.018053267
ACACA,0.01820657
PLCXD3,0.01820657
GPR116,0.01820657
KAT6B,0.018507083
ATAD2,0.018507083
ZNF862,0.018507083
OR4N4,0.018507083
RAPGEF4,0.018507083
VAT1L,0.018507083
COLEC12,0.018507083
GAK,0.018507083
USP25,0.018507083
TMC3,0.018507083
IGDCC3,0.018507083
MYO9A,0.018520532
DNHD1,0.018520532
SCN7A,0.018739613
GRIA1,0.018739613
LCT,0.018739613
LAMA1,0.018739613
LRP1,0.019011476
MCTP2,0.019011476
MET,0.019011476
SLITRK5,0.019481781
MARK2,0.019481781
MGAT5,0.019481781
BEND2,0.019481781
OR11H1,0.019481781
ZNF607,0.019481781
DRD2,0.019481781
TBC1D4,0.019481781
WDR60,0.019481781
PKD1L3,0.019481781
PCDHB17,0.019481781
OR2L13,0.019481781
SLC26A11,0.019481781
WDR63,0.019481781
LCA5L,0.019481781
IRX4,0.019481781
CACNG7,0.019481781
IQSEC1,0.019481781
OR51V1,0.019481781
ANHX,0.019481781
ACOT12,0.019481781
RAI14,0.019481781
LIPE,0.019481781
KMT2E,0.019481781
ARHGEF6,0.019481781
ZNFX1,0.019481781
DEF6,0.019481781
CAMKK2,0.019481781
RORB,0.019481781
CDK12,0.019481781
ZNF99,0.019860802
ERBB4,0.019860802
MLIP,0.019873564
EML6,0.019873564
RFX6,0.019963103
FASN,0.019963103
TTC6,0.019963103
ZNF865,0.020013711
PNLIPRP3,0.020013711
PDZD7,0.020013711
OBP2A,0.020013711
DGKD,0.020013711
PIK3R1,0.020013711
IFLTD1,0.020013711
ZNF800,0.020013711
CNST,0.020013711
EPS8L1,0.020013711
DOC2A,0.020013711
C20orf112,0.020013711
COPE,0.020013711
YY1AP1,0.020013711
TMEM255B,0.020013711
FAM196B,0.020013711
PDIA2,0.020013711
GAS2L3,0.020013711
CPA5,0.020013711
MAN2B1,0.020013711
TANGO6,0.020013711
RAVER2,0.020013711
BTNL2,0.020013711
GRB14,0.020013711
MAS1L,0.020013711
PNPLA8,0.020013711
ZNF571,0.020013711
USP20,0.020013711
RFWD2,0.020013711
TSPAN12,0.020013711
PLEKHM1,0.020013711
MOGAT3,0.020013711
NPHS2,0.020013711
RAD21L1,0.020013711
SLIT2,0.020094403
DNAH10,0.020383086
NETO1,0.020700147
CGNL1,0.020700147
RIF1,0.020700147
TEX14,0.020700147
NPHS1,0.020700147
LILRB2,0.020700147
DNAH17,0.020928663
TLR5,0.021049249
TMPRSS11B,0.021049249
CAPZA3,0.021049249
KRT75,0.021049249
POLR3B,0.021049249
ZNF568,0.021049249
STYK1,0.021049249
CD22,0.021049249
DDX43,0.021214061
PSG5,0.021214061
PRSS35,0.021214061
PSG8,0.021214061
POSTN,0.021214061
PCDHGB2,0.021214061
SFMBT2,0.021214061
RLTPR,0.021214061
SLC6A19,0.021214061
CHST8,0.021214061
ZNF217,0.021214061
MTMR4,0.021214061
TTC18,0.021214061
CDON,0.021214061
TTC37,0.021214061
PPFIA2,0.021228271
IGSF1,0.021228271
CNTN5,0.021605594
PTPRQ,0.021633777
MUC3A,0.021839197
RREB1,0.021839197
ACSM2A,0.021839197
BMPER,0.021839197
LRFN2,0.021839197
CCDC168,0.02189765
STAB1,0.02189765
FBXL12,0.021956565
SGIP1,0.022746893
MKRN3,0.022746893
KCNJ3,0.022746893
PCDHB13,0.022746893
GRM6,0.022746893
ATP7B,0.022746893
TNKS1BP1,0.022746893
GABRA1,0.022746893
TP53,0.022758106
ATP13A4,0.023218821
ANO4,0.023902975
PADI2,0.024107909
VWA2,0.024107909
OR52J3,0.024107909
GBP6,0.024107909
ICA1,0.024107909
HCK,0.024107909
CEP170,0.024107909
TOP2B,0.024107909
PHLDB3,0.024107909
NPTX2,0.024107909
PAXBP1,0.024107909
ATAD3C,0.024107909
OSBPL7,0.024107909
CD19,0.024107909
PRSS3,0.024107909
ACPP,0.024107909
CCDC146,0.024107909
FBXL18,0.024107909
LRRC9,0.024107909
NXPH2,0.024107909
CDHR3,0.024107909
CNOT4,0.024107909
UGT1A6,0.024107909
NEURL4,0.024107909
NEXN,0.024107909
SEC14L5,0.024379276
CPA6,0.024379276
C3orf20,0.024379276
SLC4A5,0.024379276
ZNF813,0.024379276
OR4C46,0.024379276
PCNXL3,0.024379276
SETD1B,0.024379276
PEX5L,0.024379276
TBC1D9,0.024379276
RXFP1,0.024379276
GPR149,0.024379276
TMTC1,0.024379276
CRNN,0.024379276
TRIM77,0.024379276
PTPRN,0.024379276
GRIK3,0.024379276
MYH3,0.024877802
KIF21B,0.025020733
ZFPM2,0.025023587
PYGM,0.025110347
B4GALNT4,0.025110347
FHAD1,0.025110347
KIAA0226,0.025110347
SUSD4,0.025110347
SLC10A2,0.025110347
PDGFRB,0.025110347
NEO1,0.025110347
DZIP3,0.025110347
OR10G7,0.025110347
C6orf10,0.025110347
TRIML1,0.025110347
GPA33,0.025110347
ATP9B,0.025110347
PCED1B,0.025110347
LAMA2,0.025403984
ZNF831,0.025403984
SLIT1,0.025469616
SETBP1,0.025634886
MORC1,0.025634886
NMD3,0.026747817
HTATIP2,0.026747817
TCF23,0.026747817
AMICA1,0.026747817
GOLT1A,0.026747817
LRTOMT,0.026747817
COL4A3BP,0.026747817
PHEX,0.026747817
CDK8,0.026747817
KLHL7,0.026747817
KLHL33,0.026747817
TNFAIP3,0.026747817
CPNE7,0.026747817
PNISR,0.026747817
ZNF10,0.026747817
GLYATL2,0.026747817
USP16,0.026747817
CYP26A1,0.026747817
RP11-166B2.1,0.026747817
RESP18,0.026747817
DMPK,0.026747817
LPCAT1,0.026747817
UNCX,0.026747817
ARRB2,0.026747817
C9orf43,0.026747817
ACVR2B,0.026747817
NGDN,0.026747817
FBXO28,0.026747817
UCP3,0.026747817
FOXC2,0.026747817
PDX1,0.026747817
CNN1,0.026747817
ZNF787,0.026747817
TRIM39,0.026747817
IFRD1,0.026747817
PRPS2,0.026747817
TSSC1,0.026747817
PUS1,0.026747817
OAT,0.026747817
ACP6,0.026747817
TBC1D15,0.026747817
THOP1,0.026747817
ATG16L2,0.026747817
C1QTNF2,0.026747817
NOV,0.026747817
RSG1,0.026747817
CLRN3,0.026747817
KRTAP10-1,0.026747817
DPPA5,0.026747817
CASP3,0.026747817
YBX3,0.026747817
TMEM150C,0.026747817
PTGER2,0.026747817
AC109829.1,0.026747817
LINGO1,0.026747817
GDPD2,0.026747817
AGPS,0.026747817
UBE2E2,0.026747817
FOXO3,0.026747817
CACNG6,0.026747817
NRROS,0.026747817
HOXC13,0.026747817
CPEB4,0.026747817
C9orf50,0.026747817
RBM12,0.026747817
SCD,0.026747817
HVCN1,0.026747817
GEMIN8,0.026747817
CSNK2A3,0.026747817
CD300LD,0.026747817
CKAP2,0.026747817
ZBTB14,0.026747817
ZNF416,0.026747817
ENTPD5,0.026747817
RALB,0.026747817
ATP5B,0.026747817
OR2J1,0.026747817
COL22A1,0.026753643
CNTNAP4,0.026758531
ITPR1,0.027285395
HIVEP1,0.027285395
ALPK2,0.027285395
MOGS,0.027556087
FAM181A,0.027556087
MTMR1,0.027556087
SOX11,0.027556087
SHOX2,0.027556087
CXCR2,0.027556087
MASTL,0.027556087
HS3ST2,0.027556087
KCNG1,0.027556087
LRRC18,0.027556087
UTS2R,0.027556087
NKAIN3,0.027556087
ELFN1,0.027556087
CEL,0.027556087
ENKUR,0.027556087
SHB,0.027556087
EPC1,0.027556087
CCDC3,0.027556087
SECISBP2,0.027556087
GSR,0.027556087
CBFA2T3,0.027556087
WNT5A,0.027556087
CRTAC1,0.027556087
ANKUB1,0.027556087
CCDC112,0.027556087
SLC22A7,0.027556087
PLEKHG7,0.027556087
EZH1,0.027556087
NAT2,0.027556087
CCM2L,0.027556087
ZNF853,0.027556087
MPP5,0.027556087
KIF11,0.027556087
FGF23,0.027556087
ME3,0.027556087
MAP6,0.027556087
RIOK1,0.027556087
TMEM56,0.027556087
CAND1,0.027556087
GEM,0.027556087
NR6A1,0.027556087
11-Mar,0.027556087
ZNF391,0.027556087
ZNF594,0.027556087
ANKRD13C,0.027556087
SRCRB4D,0.027556087
ZFP28,0.027556087
PTPN5,0.027556087
RHPN1,0.027556087
UTP20,0.028024627
KCNU1,0.028024627
SIGLEC12,0.028024627
MTOR,0.028024627
STARD9,0.028024627
GTF3C1,0.028024627
ROR2,0.028024627
DCAF8L2,0.028024627
KCNB1,0.028024627
DARS,0.028190292
BSX,0.028190292
TMEM213,0.028190292
VSIG2,0.028190292
PLA2G2A,0.028190292
SCGB1D4,0.028190292
RP11-286H14.4,0.028190292
FOXD4L6,0.028190292
WBP5,0.028190292
ISOC2,0.028190292
TPGS1,0.028190292
CLEC18A,0.028190292
SLC35G4,0.028190292
RAB6B,0.028190292
CTD-3074O7.2,0.028190292
SGTB,0.028190292
RCL1,0.028190292
SPATA31D5P,0.028190292
MITD1,0.028190292
IFNA2,0.028190292
L2HGDH,0.028190292
C3orf80,0.028190292
C7orf33,0.028190292
RP11-497H16.5,0.028190292
RP11-798K23.3,0.028190292
LOX,0.028190292
NCR3LG1,0.028190292
NOP10,0.028190292
MORF4,0.028190292
SLFNL1,0.028190292
OR56A5,0.028190292
NDUFS7,0.028190292
WNT4,0.028190292
AC008132.13,0.028190292
RAP2C,0.028190292
SPDYE5,0.028190292
PRAMEF14,0.028190292
ANAPC15,0.028190292
RGS10,0.028190292
DDX39B,0.028190292
TMEM256,0.028190292
TFAP2E,0.028190292
CTD-3199J23.6,0.028190292
TNF,0.028190292
FLYWCH2,0.028190292
NT5DC2,0.028190292
SCGB1D1,0.028190292
SPG21,0.028190292
ANKRD49,0.028190292
L3HYPDH,0.028190292
CRIP2,0.028190292
AC140481.2,0.028190292
RP11-302M6.4,0.028190292
RAB3A,0.028190292
C3orf52,0.028190292
RP11-24J19.1,0.028190292
DNAJC30,0.028190292
C19orf60,0.028190292
HIBCH,0.028190292
CYP2U1,0.028190292
RP11-427H3.3,0.028190292
LINC00452,0.028190292
AC020907.1,0.028190292
C21orf59,0.028190292
SLC25A45,0.028190292
S100A14,0.028190292
PMVK,0.028190292
TBC1D3B,0.028190292
HYAL2,0.028190292
LRRC37A11P,0.028190292
GIMD1,0.028190292
PROCA1,0.028190292
THAP6,0.028190292
PRR3,0.028190292
FAM150A,0.028190292
RP11-14N7.2,0.028190292
FBXW2,0.028190292
MRPS33,0.028190292
POLR2H,0.028190292
HIGD1A,0.028190292
GTF2IRD1P1,0.028190292
ANXA5,0.028190292
CTXN3,0.028190292
HERC2P3,0.028190292
RP11-67H24.2,0.028190292
GOLGA8CP,0.028190292
BRI3BP,0.028190292
PIPSL,0.028190292
C5orf49,0.028190292
TEX15,0.028371661
NLRC5,0.028401436
GLI2,0.028401436
COL28A1,0.028401436
POM121L12,0.028401436
TMC5,0.028401436
CENPE,0.028401436
WNK2,0.029396486
DLG2,0.029396486
ADAMTS16,0.029459024
OR4M2,0.029459024
DENND2A,0.029459024
FAM83B,0.029925975
COL19A1,0.030311723
WFDC10B,0.030371095
CTSW,0.030371095
VNN3,0.030371095
KCNK12,0.030371095
ACAA1,0.030371095
RNASE11,0.030371095
KRTAP17-1,0.030371095
S100PBP,0.030371095
GRIFIN,0.030371095
ATF1,0.030371095
FAM58A,0.030371095
BNIP2,0.030371095
CELA2A,0.030371095
CASP6,0.030371095
EFCC1,0.030371095
ZNF707,0.030371095
UTS2B,0.030371095
MNS1,0.030371095
LOC441155,0.030371095
ARL5C,0.030371095
PFKFB2,0.030371095
PIH1D2,0.030371095
PIH1D1,0.030371095
CHRNB1,0.030371095
KDM8,0.030371095
MAGIX,0.030371095
LDHA,0.030371095
SRPX,0.030371095
GPR68,0.030371095
FAM154B,0.030371095
PHYKPL,0.030371095
DAOA,0.030371095
SLC16A11,0.030371095
SPRR2D,0.030371095
ULBP2,0.030371095
DTX4,0.030371095
C2orf44,0.030371095
CCDC120,0.030371095
ETNK2,0.030371095
HSPA1B,0.030371095
TMPRSS12,0.030371095
TMCC3,0.030371095
C12orf74,0.030371095
FAM228A,0.030371095
NOL7,0.030371095
PATE1,0.030371095
SYNDIG1L,0.030371095
MEDAG,0.030371095
SLC30A1,0.030371095
C6orf62,0.030371095
AC002472.13,0.030371095
KCNJ11,0.030371095
MAP2K6,0.030371095
C19orf59,0.030371095
CARNS1,0.030371095
SDF4,0.030371095
ZNF70,0.030371095
PAOX,0.030371095
ZNF763,0.030371095
FKTN,0.030371095
ZNF121,0.030371095
SLC35E3,0.030371095
BPIFA2,0.030371095
C7orf50,0.030371095
CD28,0.030371095
KRTAP5-2,0.030371095
RTP2,0.030371095
GBGT1,0.030371095
DLX3,0.030371095
MRPL19,0.030371095
LETMD1,0.030371095
KBTBD7,0.030371095
CD53,0.030371095
MAPRE1,0.030371095
HEXDC,0.030371095
SULT2B1,0.030371095
TCEAL6,0.030371095
REXO4,0.030371095
NXNL1,0.030371095
UBE2R2,0.030371095
ZCWPW2,0.030371095
IRAK1,0.030371095
TIGD7,0.030371095
TMEM39B,0.030371095
CSTA,0.030371095
TAS2R50,0.030371095
CDRT15L2,0.030371095
KIAA1109,0.030586413
SIGLEC10,0.031076486
CABIN1,0.031076486
ARHGAP35,0.031076486
MED13,0.031076486
RPRD2,0.031076486
OR2G2,0.031076486
DCLK3,0.031076486
PLEKHM2,0.031476512
COL4A6,0.031968547
PIEZO2,0.031968547
PCDHB7,0.031968547
BRINP3,0.032076793
PLCB4,0.032076793
BPHL,0.032328836
GAL3ST4,0.032328836
KRTAP1-1,0.032328836
RRP7A,0.032328836
SLC35B2,0.032328836
SSX1,0.032328836
AGPAT6,0.032328836
MSTO1,0.032328836
GABRR3,0.032328836
AES,0.032328836
DNASE1L1,0.032328836
MEI4,0.032328836
CPNE2,0.032328836
METTL7A,0.032328836
ZNF383,0.032328836
ZNF704,0.032328836
OR5B21,0.032328836
ESD,0.032328836
SLC25A6,0.032328836
FASTKD3,0.032328836
PPP1R14D,0.032328836
LRRC74B,0.032328836
CYR61,0.032328836
ALKBH3,0.032328836
DDIT4,0.032328836
AL358813.2,0.032328836
TRIM52,0.032328836
ADGRF5,0.032328836
C16orf92,0.032328836
LSM11,0.032328836
TAF13,0.032328836
C22orf31,0.032328836
TOMM40,0.032328836
RGS9BP,0.032328836
HOXD1,0.032328836
MRPS30,0.032328836
MBOAT7,0.032328836
GTF3C6,0.032328836
FOPNL,0.032328836
JUN,0.032328836
RAP2B,0.032328836
RP11-812E19.9,0.032328836
TNFRSF4,0.032328836
NANS,0.032328836
TBC1D3F,0.032328836
RDH13,0.032328836
VCPKMT,0.032328836
OR2A1,0.032328836
STX11,0.032328836
P2RX5,0.032328836
DUSP9,0.032328836
RP13-147D17.1,0.032328836
GNB4,0.032328836
PSMD8,0.032328836
CRELD2,0.032328836
LINC01119,0.032328836
C6orf141,0.032328836
WFDC1,0.032328836
TNNC1,0.032328836
GIP,0.032328836
PRRT1,0.032328836
SCARB2,0.032328836
RP11-1396O13.13,0.032328836
HLA-DMA,0.032328836
KDM4E,0.032328836
OR4N3P,0.032328836
RPL28,0.032328836
PYDC2,0.032328836
MSANTD4,0.032328836
TMX1,0.032328836
MRPL27,0.032328836
FAM188B2,0.032328836
LAMP1,0.032328836
MAL,0.032328836
FANCD2OS,0.032328836
AC079612.1,0.032328836
C14orf105,0.032328836
TGFB3,0.032328836
CABP7,0.032328836
LAPTM4B,0.032328836
KLF14,0.032328836
RBM3,0.032328836
PHGR1,0.032328836
EDDM3A,0.032328836
LCN10,0.032328836
UBAP1L,0.032328836
LAMP2,0.032328836
TTC9B,0.032328836
SLC25A41,0.032328836
SLC25A37,0.032328836
CCDC140,0.032328836
ZNF839,0.032328836
ZNF821,0.032328836
PTGDR2,0.032328836
NELL1,0.032835603
KIAA1244,0.032835603
BAI3,0.033190105
DMD,0.033190105
PLCE1,0.033519977
NFASC,0.033519977
LRRK2,0.033519977
KMT2B,0.033600991
PRB2,0.033600991
KIF26B,0.033600991
ADCY10,0.033600991
KRT76,0.033649466
PCDH9,0.033649466
KRT2,0.033649466
GUCY2F,0.033649466
PRKG1,0.033649466
AK7,0.033649466
OR51M1,0.033649466
WNK3,0.033649466
OAS2,0.033649466
NOS3,0.033649466
SIGLEC5,0.033649466
TMEM132A,0.033649466
GABRG3,0.033649466
LAMA3,0.033776031
KIF19,0.03383245
PCK1,0.03383245
AIM1,0.03383245
SERPINB3,0.03383245
NBPF1,0.03383245
C2orf16,0.03383245
OR4K5,0.03383245
ITGAD,0.03383245
HBG2,0.033850108
CLEC4G,0.033850108
MSRB3,0.033850108
SLC18A2,0.033850108
MCM9,0.033850108
OR2F2,0.033850108
ZFP2,0.033850108
MEIS3,0.033850108
TEX13A,0.033850108
OR1J2,0.033850108
SF3A1,0.033850108
ENPP6,0.033850108
TAOK2,0.033850108
ZNF783,0.033850108
NOMO1,0.033850108
FAM169A,0.033850108
MFRP,0.033850108
KRT34,0.033850108
CYP2F1,0.033850108
ZSCAN10,0.033850108
SPAG11B,0.033850108
KCNH3,0.033850108
DNMT3L,0.033850108
ZNF559,0.033850108
NF1,0.034329174
DLEC1,0.034411924
C2orf71,0.034411924
CNTNAP2,0.034540767
SERPINA4,0.035025569
UNC5B,0.035025569
ESR1,0.035025569
IBTK,0.035025569
AHRR,0.035025569
WWC2,0.035025569
KRT6B,0.035025569
HLA-DQB2,0.035025569
WDR70,0.035025569
PRR14L,0.035025569
EDIL3,0.035025569
CLMN,0.035025569
OR5AK2,0.035025569
PAPLN,0.035025569
FAM184B,0.035025569
OR10A6,0.035025569
PDE3B,0.035025569
OR13C4,0.035025569
PTPRM,0.035025569
HRG,0.035025569
HHLA1,0.035025569
IGDCC4,0.035025569
ANLN,0.035025569
SPEF2,0.035739119
WDR49,0.035764495
HECW2,0.035764495
CHD6,0.035764495
PCDHGA1,0.036242649
SYCP2,0.036242649
SALL4,0.036242649
ZPLD1,0.036242649
PSG9,0.036242649
ITGAL,0.036242649
MGAM2,0.036242649
GUCY1A3,0.036242649
ANAPC7,0.036486884
TTC25,0.036486884
ANP32C,0.036486884
SLC24A5,0.036486884
ZBED4,0.036486884
CLGN,0.036540979
COL3A1,0.036681946
COL4A5,0.036775012
KRAS,0.037329752
RBBP6,0.0377306
COL15A1,0.0377306
IVL,0.0377306
CNGB1,0.0377306
CADPS2,0.0377306
TENM1,0.038407428
SCN1A,0.038407428
PXDNL,0.038407428
ZNF385D,0.03848683
SRGAP3,0.03848683
SEL1L3,0.03848683
MUC22,0.03848683
ZNF318,0.03848683
CDC42BPG,0.03848683
PCDH11X,0.03848683
MAP3K19,0.03848683
SIRPB1,0.03848683
NOBOX,0.03848683
ZNF609,0.03848683
THEMIS,0.03848683
TTLL5,0.03848683
PRB3,0.03848683
BAIAP2L1,0.039047866
CCR6,0.039047866
FAM9C,0.039047866
SUN5,0.039047866
ITGA3,0.039047866
LILRB3,0.039047866
ASPG,0.039047866
EIF2S3L,0.039047866
C1orf101,0.039047866
TRPV3,0.039047866
ASB2,0.039047866
ATL3,0.039047866
TUT1,0.039047866
UNC93A,0.039047866
CMTR2,0.039047866
ADAM33,0.039047866
SYNM,0.039047866
BACH2,0.039047866
RBM33,0.039047866
MS4A6E,0.039047866
DLG3,0.039047866
SYT15,0.039047866
CYP46A1,0.039047866
TAX1BP1,0.039047866
POP4,0.039047866
SPP1,0.039047866
LSR,0.039047866
LCP2,0.039047866
HMMR,0.039047866
PKP1,0.039047866
CPO,0.039047866
ZNF438,0.039047866
AADACL4,0.039047866
GPR37L1,0.039047866
SYNDIG1,0.039047866
FTCD,0.039047866
PIAS2,0.039047866
SEMA6A,0.039047866
TFPI,0.039047866
ZNF677,0.039047866
DNAJC16,0.039047866
LRIT3,0.039047866
ZNF143,0.039047866
HLA-C,0.039047866
ELOVL4,0.039047866
ZNF304,0.039047866
LARP7,0.039047866
BHMT2,0.039047866
ZNF230,0.039047866
SLC22A11,0.039047866
DLG1,0.039047866
AAK1,0.039047866
P2RY14,0.039047866
OR5B17,0.039047866
TLK2,0.039047866
MYOCD,0.03946221
PCDH18,0.039777802
KIAA2018,0.039779959
THADA,0.039779959
ARHGEF10,0.039779959
ROBO3,0.039779959
CD6,0.039779959
URB1,0.039779959
KDM5A,0.039779959
DROSHA,0.039779959
OR2T12,0.039779959
C12orf42,0.039779959
ITPR3,0.039779959
NUP153,0.039779959
SIGLEC9,0.039779959
POTEH,0.039779959
COL6A1,0.039779959
DGKB,0.040108326
SLC27A6,0.040108326
ACE,0.040108326
ITGA8,0.040108326
SLC4A8,0.040108326
INTS1,0.040108326
NME8,0.040108326
GPATCH2L,0.04032381
ASCC2,0.04032381
DPEP3,0.04032381
VRK1,0.04032381
T,0.04032381
NR2C1,0.04032381
ANGPTL4,0.04032381
TRPC4AP,0.04032381
C18orf63,0.04032381
RBM14,0.04032381
RFPL4B,0.04032381
FAM3D,0.04032381
KRT86,0.04032381
FAM134A,0.04032381
MS4A4A,0.04032381
ZNF554,0.04032381
IL17F,0.04032381
PTBP2,0.04032381
AGO1,0.04032381
EPHX4,0.04032381
FZR1,0.04032381
FBXO10,0.04032381
HLF,0.04032381
OSGIN1,0.04032381
LYVE1,0.04032381
OSCP1,0.04032381
LHFPL5,0.04032381
CATSPER4,0.04032381
ZNF653,0.04032381
PODXL2,0.04032381
TTC8,0.04032381
ZNF510,0.04032381
LRRC72,0.04032381
ZFP36L2,0.04032381
ANXA6,0.04032381
CTIF,0.04032381
LIPA,0.04032381
NRD1,0.04032381
C12orf4,0.04032381
GPR35,0.04032381
CYP2S1,0.04032381
TAB3,0.04032381
INTS6,0.04032381
MDM2,0.04032381
CACNG4,0.04032381
MTSS1,0.04032381
ZNF775,0.04032381
DPRX,0.04032381
TNFSF15,0.04032381
KRT28,0.04032381
ZNF404,0.04032381
GPR45,0.04032381
C3orf56,0.04032381
PINK1,0.04032381
IQCJ,0.04032381
UBTF,0.04032381
ZNF154,0.04032381
HCAR2,0.04032381
PRRC1,0.04032381
GTF2E1,0.04032381
CDO1,0.04032381
ECM2,0.04032381
GZMB,0.04032381
ZNF805,0.04032381
NCR3,0.04032381
SLIT3,0.040454076
RIMS2,0.040799544
APOB,0.040955398
DCC,0.041343519
FAM47C,0.042102635
DDX60,0.042102635
WDR93,0.042404866
GOLGA4,0.042404866
NPNT,0.042404866
SAMD7,0.042404866
RAD54L2,0.042404866
TYK2,0.042404866
CLEC5A,0.042404866
HERC6,0.042404866
KLHL40,0.042404866
ADH7,0.042404866
CAGE1,0.042404866
TXLNB,0.042404866
ITGA2B,0.042404866
MISP,0.042404866
LGR5,0.042404866
LONRF2,0.042404866
GRID2IP,0.042404866
ITIH3,0.042404866
PGR,0.042404866
PCDHGB4,0.042404866
CALR3,0.042404866
NFATC3,0.042404866
ADAD1,0.042404866
NGEF,0.042404866
ADH1B,0.042404866
PDE11A,0.042404866
GABRB1,0.042404866
MYO7A,0.042629931
AADAC,0.042923538
FBLN1,0.042923538
SLFN12L,0.042923538
SLC6A3,0.042923538
ASMTL,0.042923538
UBE3C,0.042923538
ITGB2,0.042923538
YEATS2,0.042923538
MINK1,0.042923538
PRSS55,0.042923538
PLEKHA4,0.042923538
FCER1A,0.042923538
CPB1,0.042923538
C2CD2,0.042923538
MAMDC4,0.042923538
MICB,0.042923538
HIPK3,0.042923538
ZNF430,0.042923538
VWA5B2,0.042923538
STAG2,0.042923538
IRF8,0.042923538
DDI1,0.042923538
MST1L,0.042923538
NOL6,0.042923538
IREB2,0.042923538
LPAR1,0.042923538
OR6V1,0.042923538
GPR110,0.042923538
DHX34,0.042923538
HDGFL1,0.042923538
SCARA5,0.042923538
COLEC10,0.042923538
SLC7A4,0.042923538
REXO1,0.042923538
VN1R2,0.042923538
MCF2L2,0.042923538
FAAH,0.042923538
POLR1A,0.042923538
ZNF423,0.04300707
TPTE2,0.04300707
GLIS3,0.04300707
ARMC5,0.04300707
FRMPD4,0.04300707
ABCA9,0.04300707
ARID1B,0.04300707
C1orf173,0.043038831
ARMC4,0.043091829
TMEM132C,0.043091829
IL1RL2,0.043187429
SMCHD1,0.043187429
ARFGEF1,0.043187429
OR4K2,0.043187429
PCDHB14,0.043187429
FCRL1,0.043187429
PALD1,0.043187429
OR5L1,0.043187429
PCDHB16,0.043187429
RBM44,0.043187429
TOPAZ1,0.043187429
USP43,0.043187429
SPTBN4,0.043417418
NCKAP1L,0.043417418
MYOM3,0.043417418
F13A1,0.043417418
TECTA,0.043417418
ADCY1,0.043417418
REV3L,0.043417418
NLRP12,0.043417418
PDZD2,0.043995081
NBEA,0.044091463
ABI3BP,0.046491774
DUOX2,0.046491774
MAEL,0.046491774
LHCGR,0.046491774
SELE,0.046491774
SLC9A4,0.046491774
PASD1,0.046491774
SLFN11,0.046491774
COL1A2,0.046863768
F8,0.046863768
DOCK2,0.047131792
TDRD5,0.047131792
ZNF676,0.047131792
VIL1,0.04744433
ATP1A4,0.04744433
DNER,0.04744433
KIAA0586,0.04744433
CACNG3,0.04744433
CRISP3,0.04744433
MCF2L,0.04744433
SLC30A8,0.04744433
PDE10A,0.04744433
MAST2,0.04744433
CD93,0.04744433
OR8D4,0.04744433
SLC4A4,0.04744433
CD33,0.04744433
CLEC4F,0.04744433
PAMR1,0.04744433
PAX1,0.04744433
SLCO3A1,0.04744433
CEACAM5,0.04744433
OR6C65,0.04744433
FRMPD3,0.04744433
ANKRD62,0.04744433
CNTN4,0.04840184
GRM3,0.04840184
HELZ2,0.048468504
ZFHX2,0.048468504
ZRANB3,0.048468504
KIAA0556,0.048468504
SCNN1G,0.048468504
PRUNE2,0.048913654
MACF1,0.04937077
COL4A3,0.04937077
DOPEY2,0.049441416
CAMTA1,0.049441416
LIMK1,0.04947371
FGF5,0.04947371
ATP2B4,0.04947371
SLC5A12,0.04947371
GGCX,0.04947371
SFTPB,0.04947371
OR7G1,0.04947371
STAT3,0.04947371
TAF2,0.04947371
LRIG1,0.04947371
DCDC2C,0.04947371
ABI3,0.04947371
HELB,0.04947371
RNF43,0.04947371
C1orf167,0.04947371
IZUMO3,0.04947371
ZNF541,0.04947371
RGS8,0.04947371
KDM3A,0.04947371
SH2D3C,0.04947371
ZNF786,0.04947371
SNRPN,0.04947371
NEU2,0.04947371
MCM2,0.04947371
OR4F6,0.04947371
SEMA4A,0.04947371
PLA2G12B,0.04947371
CPXCR1,0.04947371
SGSM2,0.04947371
FMO4,0.04947371
SIGLEC14,0.04947371
IRS4,0.04947371
OR5R1,0.04947371
C6orf58,0.04947371
FGB,0.04947371
OR10Z1,0.04947371
NADSYN1,0.04947371
